{"initial_reset_timestamp": 1607568731.8688715, "timestamps": [1607568734.189101, 1607568734.264115, 1607568734.433357, 1607568734.5691054, 1607568734.6672742, 1607568734.7916577, 1607568735.0303655, 1607568735.2414632, 1607568735.444089, 1607568736.1021783, 1607568736.1432576, 1607568740.126753, 1607568746.6585352, 1607568755.5842528, 1607568766.3644588, 1607568778.0719416, 1607568786.53468, 1607568791.5102336, 1607568798.281832, 1607568811.900808, 1607568820.759343, 1607568826.956553, 1607568835.1505418, 1607568842.3600876, 1607568921.6261804, 1607568931.57001, 1607568942.4507456, 1607568950.055888, 1607568955.109699, 1607568963.4942505, 1607568971.0392673, 1607568977.0937228, 1607568987.3920548, 1607569000.1770704, 1607569007.3892515, 1607569022.4298103, 1607569032.1270576, 1607569043.2059119, 1607569052.2517042, 1607569058.1404624, 1607569070.9650934, 1607569082.157035, 1607569092.5640016, 1607569099.9701717, 1607569116.47235, 1607569124.477448, 1607569140.409226, 1607569151.5115862, 1607569159.7491693, 1607569174.6265619, 1607569186.5987833, 1607569203.9850137, 1607569217.3476064, 1607569269.563197, 1607569283.3696487, 1607569369.3968277, 1607569435.5031614, 1607569454.1284754, 1607569477.933711, 1607569504.4629824, 1607569575.3124864, 1607569659.5398097, 1607569673.936839, 1607569699.1885283, 1607569736.6785188, 1607569822.9171815, 1607569864.4172847, 1607569883.0494444, 1607569971.4279904, 1607569986.398031, 1607570075.1282988, 1607570165.4570432, 1607570253.0847375, 1607570342.3749123, 1607570434.0944188, 1607570506.740064, 1607570597.7921093, 1607570639.4107313, 1607570687.7859695, 1607570770.9665556, 1607570822.6676168, 1607570915.7043338, 1607570962.2475529, 1607571029.8027582, 1607571124.202225, 1607571162.9653056, 1607571212.3200328, 1607571225.7153552, 1607571302.5101433, 1607571357.9008522, 1607571412.1515813, 1607571506.6029637, 1607571574.9875164, 1607571670.489647, 1607571711.8392117, 1607571807.445735, 1607571904.1023169, 1607572000.7546532, 1607572098.2672627, 1607572196.2697787, 1607572294.6106453, 1607572392.8633237, 1607572429.3819623, 1607572494.1248782, 1607572570.4989114, 1607572619.0622115, 1607572717.8061898, 1607572767.9591563, 1607572801.2692313, 1607572899.314004, 1607572934.3520627, 1607572967.6316042, 1607572995.136197, 1607573093.992494, 1607573194.2693694, 1607573265.867002, 1607573327.058728, 1607573353.9988716, 1607573389.6323948, 1607573488.016689, 1607573588.3666916, 1607573688.5254025, 1607573788.5453455, 1607573839.049958, 1607573878.4949687, 1607573917.5277684, 1607574011.6510584, 1607574069.8819215, 1607574156.790926, 1607574234.5549898, 1607574287.5387292, 1607574388.0562415, 1607574433.045459, 1607574473.2304192, 1607574528.7803288, 1607574587.6256318, 1607574623.2502975, 1607574677.6045399, 1607574722.5471156, 1607574768.1302843, 1607574799.3072617, 1607574852.8135178, 1607574896.0033898, 1607574947.167376, 1607574982.3884847, 1607575033.222132, 1607575066.8940053, 1607575121.5335257, 1607575170.87928, 1607575212.994314, 1607575256.8065472, 1607575296.3722587, 1607575323.349106, 1607575370.1103542, 1607575439.1494565, 1607575487.2646034, 1607575539.359135, 1607575568.360894, 1607575620.5532482, 1607575696.30409, 1607575724.9045606, 1607575755.7075088, 1607575798.119501, 1607575868.6974804, 1607575938.0346107, 1607575968.7600396, 1607575996.2930794, 1607576029.0467591, 1607576071.62948, 1607576113.9750729, 1607576149.32113, 1607576176.8514128, 1607576207.4562097, 1607576234.4933236, 1607576259.0592158, 1607576296.5505047, 1607576332.625053, 1607576379.6584923, 1607576404.1593635, 1607576427.9891355, 1607576454.1585042, 1607576477.007318, 1607576499.223265, 1607576534.8739011, 1607576559.1312077, 1607576587.145793, 1607576612.861702, 1607576639.8711646, 1607576666.8214233, 1607576705.911034, 1607576740.6659849, 1607576774.4777222, 1607576796.9666758, 1607576824.4122746, 1607576888.7494512, 1607576916.4858425, 1607576946.5241144, 1607576971.7040951, 1607576994.1391954, 1607577032.4462743, 1607577065.8107998, 1607577099.9499516, 1607577129.0340457, 1607577154.2267292, 1607577189.1385753, 1607577241.4672928, 1607577265.9672983, 1607577309.8866448, 1607577334.3377042, 1607577366.2042155], "episode_lengths": [101, 70, 91, 93, 69, 100, 102, 86, 79, 143, 59, 76, 76, 102, 138, 153, 111, 67, 92, 178, 123, 85, 110, 94, 1000, 121, 127, 97, 61, 105, 88, 73, 124, 148, 89, 185, 124, 143, 118, 73, 161, 140, 134, 91, 197, 96, 191, 134, 100, 183, 147, 207, 162, 613, 162, 1000, 768, 214, 282, 312, 830, 1000, 168, 303, 446, 1000, 480, 217, 1000, 169, 1000, 1000, 1000, 1000, 1000, 809, 1000, 440, 537, 910, 567, 1000, 476, 702, 1000, 416, 534, 150, 824, 596, 583, 1000, 704, 1000, 435, 1000, 1000, 1000, 1000, 1000, 1000, 1000, 372, 664, 780, 501, 1000, 512, 341, 1000, 354, 339, 282, 1000, 1000, 729, 616, 275, 362, 1000, 1000, 1000, 1000, 507, 400, 395, 937, 583, 865, 777, 532, 1000, 448, 403, 551, 588, 360, 529, 434, 449, 306, 526, 429, 510, 349, 506, 333, 543, 497, 412, 441, 386, 266, 470, 672, 473, 505, 285, 512, 746, 282, 301, 421, 693, 678, 303, 272, 322, 412, 407, 338, 270, 302, 264, 240, 371, 353, 456, 239, 234, 258, 227, 217, 348, 236, 274, 249, 261, 260, 380, 328, 322, 224, 265, 623, 273, 294, 249, 216, 375, 325, 330, 279, 236, 338, 512, 242, 422, 241, 311],